State,Year,Solar_Capacity_MW,Wind_Capacity_MW,Hydro_Capacity_MW,Biomass_Capacity_MW,Waste_to_Energy_MW,Total_Renewable_Capacity_MW,Population,Per_Capita_Capacity_MW_per_Million,Investment_Million_INR,Policy_Score_10
Andhra Pradesh,2015,2294.01,948.85,5403.77,145.82,251.29,9043.74,83822506,107.8916,465.33,9.49
Andhra Pradesh,2016,8686.24,6123.53,6646.67,799.33,286.27,22542.04,84828376,265.737,178.25,6.9
Andhra Pradesh,2017,3311.94,5421.44,1159.24,1684.64,254.08,11831.34,85846316,137.82,957.47,4.93
Andhra Pradesh,2018,7517.66,4768.66,2430.35,709.56,124.43,15550.66,86876472,178.9974,719.68,7.59
Andhra Pradesh,2019,5570.21,805.54,572.02,14.66,290.34,7252.77,87918990,82.4938,54.99,4.62
Andhra Pradesh,2020,3843.7,8083.93,6735.83,1582.13,207.48,20453.06,88974017,229.8768,545.24,4.52
Andhra Pradesh,2021,11502.23,7596.0,4483.48,1520.48,217.51,25319.7,90041706,281.1997,655.37,9.88
Andhra Pradesh,2022,10850.03,6484.32,4861.43,112.68,201.31,22509.76,91122206,247.0282,91.96,7.53
Andhra Pradesh,2023,11992.31,5580.28,3328.27,632.58,37.04,21570.47,92215673,233.9133,744.47,5.16
Andhra Pradesh,2024,1471.86,4246.54,5573.53,1492.68,17.41,12802.02,93322261,137.1807,482.39,7.13
Andhra Pradesh,2025,7770.11,6519.17,2571.94,1125.75,144.84,18131.8,94442128,191.9884,890.75,7.18
Arunachal Pradesh,2015,8724.72,700.3,2227.57,1083.59,237.43,12973.61,16170521,802.2999,352.81,7.76
Arunachal Pradesh,2016,10643.14,6177.84,1653.73,58.56,261.16,18794.42,16364567,1148.4825,70.21,9.25
Arunachal Pradesh,2017,6394.35,9393.72,5597.52,1995.89,105.86,23487.35,16560942,1418.2373,778.83,6.41
Arunachal Pradesh,2018,5810.52,6293.68,6119.53,1968.33,230.71,20422.77,16759673,1218.5661,446.88,6.53
Arunachal Pradesh,2019,8877.23,2425.83,800.0,715.7,86.88,12905.65,16960789,760.9109,331.49,5.4
Arunachal Pradesh,2020,600.91,227.85,6914.43,861.27,115.91,8720.36,17164318,508.0518,695.66,5.31
Arunachal Pradesh,2021,11404.54,7874.13,653.19,840.99,263.86,21036.71,17370290,1211.0741,947.5,6.8
Arunachal Pradesh,2022,7399.6,1711.99,6938.45,471.03,282.88,16803.93,17578734,955.9239,667.16,7.65
Arunachal Pradesh,2023,6200.99,2345.16,1260.4,448.77,56.75,10312.07,17789679,579.6659,790.61,6.1
Arunachal Pradesh,2024,788.33,9692.57,6189.99,1856.23,298.48,18825.59,18003155,1045.6829,215.2,6.38
Arunachal Pradesh,2025,9123.04,6975.41,1102.65,1633.51,68.11,18902.71,18219193,1037.5165,262.63,7.22
Assam,2015,7003.03,960.29,6145.9,538.54,39.72,14687.49,86561923,169.6761,894.31,9.73
Assam,2016,10359.32,8104.68,4597.04,1106.21,27.01,24194.26,87600666,276.188,438.03,6.24
Assam,2017,3191.07,7248.03,3486.25,171.28,66.83,14163.47,88651874,159.765,699.1,4.46
Assam,2018,10229.36,4976.71,3379.69,1188.89,247.58,20022.23,89715696,223.1742,380.42,8.07
Assam,2019,6832.21,2706.93,6154.05,1596.88,197.88,17487.95,90792284,192.6149,858.05,9.2
Assam,2020,8529.52,8378.28,4891.38,1363.48,185.96,23348.62,91881792,254.1159,765.08,4.95
Assam,2021,10582.36,8724.84,233.85,1653.38,39.53,21233.97,92984373,228.3606,368.36,8.46
Assam,2022,2013.04,8188.77,5829.98,1019.86,2.91,17054.56,94100186,181.2383,322.69,7.7
Assam,2023,11776.12,6336.54,1840.83,1271.67,162.46,21387.62,95229388,224.5905,790.85,4.64
Assam,2024,9156.23,5435.6,6742.05,690.33,190.15,22214.37,96372141,230.5061,935.43,4.62
Assam,2025,11253.02,6894.46,502.82,608.92,212.74,19471.97,97528606,199.6539,113.98,7.49
Bihar,2015,789.25,793.21,5971.33,1980.4,203.14,9737.33,10161408,958.2656,473.66,7.89
Bihar,2016,7173.31,3866.94,487.41,1644.81,112.18,13284.66,10283344,1291.8615,827.85,5.52
Bihar,2017,112.25,1631.44,3295.72,1889.16,31.56,6960.13,10406745,668.8092,861.5,7.16
Bihar,2018,9928.46,3018.83,5884.43,1547.92,69.79,20449.42,10531625,1941.7153,174.77,9.21
Bihar,2019,11562.52,361.46,5126.95,1819.95,257.35,19128.23,10658005,1794.729,966.29,8.56
Bihar,2020,5363.36,3153.92,2265.58,1451.6,224.01,12458.46,10785901,1155.0691,240.34,9.21
Bihar,2021,8607.6,5649.37,3316.58,1091.03,48.61,18713.19,10915332,1714.395,243.52,4.55
Bihar,2022,1928.53,4564.25,3726.57,45.55,239.24,10504.14,11046316,950.9179,329.46,9.47
Bihar,2023,11613.38,1895.32,3250.82,12.45,179.9,16951.87,11178872,1516.4204,626.94,5.49
Bihar,2024,6745.11,2294.12,1150.95,1306.52,98.45,11595.16,11313018,1024.94,610.75,6.6
Bihar,2025,11813.78,1538.33,3268.25,1364.11,119.27,18103.74,11448774,1581.2818,975.96,8.33
Chhattisgarh,2015,8370.28,8608.22,5465.56,88.84,144.67,22677.58,4151882,5461.9993,149.68,5.45
Chhattisgarh,2016,11841.28,1467.83,3507.25,1240.13,211.04,18267.53,4201704,4347.6487,581.67,4.06
Chhattisgarh,2017,3984.89,5201.23,642.43,707.75,10.93,10547.23,4252125,2480.4598,124.65,6.38
Chhattisgarh,2018,1679.32,5697.03,4835.57,1603.17,60.84,13875.93,4303150,3224.5988,209.11,4.63
Chhattisgarh,2019,7673.52,7079.43,250.16,1873.06,16.54,16892.71,4354788,3879.1121,564.23,8.25
Chhattisgarh,2020,10464.53,7155.16,5618.04,685.51,244.63,24167.88,4407045,5483.9197,126.11,9.37
Chhattisgarh,2021,6616.35,8182.11,3182.66,1290.72,158.39,19430.23,4459930,4356.6232,745.01,4.49
Chhattisgarh,2022,818.19,2508.68,1142.03,1744.85,66.54,6280.29,4513449,1391.4609,977.07,6.02
Chhattisgarh,2023,2267.2,7907.5,4621.19,1001.41,167.05,15964.36,4567610,3495.1232,733.24,5.37
Chhattisgarh,2024,11956.37,9749.19,4562.77,407.09,204.39,26879.81,4622422,5815.0929,118.59,4.18
Chhattisgarh,2025,3166.43,4653.1,6081.86,1457.07,223.07,15581.52,4677891,3330.8856,454.22,6.08
Goa,2015,9235.91,5073.21,3816.8,1032.85,176.83,19335.61,118204331,163.5778,77.92,6.37
Goa,2016,7313.65,5997.35,5556.9,1313.47,297.65,20479.02,119622782,171.1966,319.66,6.15
Goa,2017,4667.78,4684.84,5856.91,479.23,233.02,15921.78,121058256,131.5216,435.04,7.61
Goa,2018,7627.23,3759.84,3602.93,831.93,21.67,15843.61,122510955,129.324,465.31,4.58
Goa,2019,4919.75,5949.54,4068.52,1328.62,29.48,16295.91,123981086,131.4387,669.52,5.87
Goa,2020,4848.65,8586.96,92.94,1180.94,180.02,14889.51,125468859,118.6709,426.83,5.42
Goa,2021,2892.62,8842.91,3110.91,668.47,135.18,15650.1,126974486,123.2539,685.92,4.87
Goa,2022,5448.26,5899.45,6641.63,512.53,108.42,18610.28,128498180,144.8292,410.39,7.63
Goa,2023,4345.11,5358.44,5479.08,1413.72,134.46,16730.82,130040158,128.6588,871.01,7.35
Goa,2024,6524.88,390.17,6907.25,254.71,70.11,14147.12,131600640,107.5004,99.11,7.84
Goa,2025,2773.94,1841.1,647.23,215.58,175.82,5653.68,133179847,42.4515,703.8,6.38
Gujarat,2015,11584.91,99.15,6664.13,1281.85,260.51,19890.55,48876337,406.9566,482.0,7.09
Gujarat,2016,5917.27,6685.3,1003.37,69.65,93.07,13768.66,49462853,278.3637,719.45,5.21
Gujarat,2017,8113.85,9700.62,684.49,1348.48,133.68,19981.12,50056407,399.172,874.74,5.06
Gujarat,2018,8342.25,8389.25,6613.96,1369.66,149.66,24864.78,50657084,490.845,636.95,9.21
Gujarat,2019,6890.26,352.35,6518.71,1382.16,203.28,15346.76,51264969,299.3614,254.89,7.95
Gujarat,2020,4786.99,6529.77,772.95,1319.11,299.82,13708.64,51880148,264.2368,95.8,9.86
Gujarat,2021,4942.2,8714.0,5483.23,1138.36,221.8,20499.59,52502710,390.4482,884.59,6.42
Gujarat,2022,3991.69,6692.55,5660.69,1526.95,239.55,18111.43,53132743,340.8713,463.8,8.91
Gujarat,2023,1530.49,5467.67,70.14,655.93,110.57,7834.79,53770336,145.7084,426.36,8.17
Gujarat,2024,4723.84,4514.5,1685.68,752.77,68.95,11745.75,54415580,215.8527,119.54,7.62
Gujarat,2025,8051.73,6213.93,3260.55,765.77,259.14,18551.13,55068567,336.8732,543.13,6.88
Haryana,2015,9783.82,1133.74,1068.47,1057.98,74.57,13118.59,111131828,118.0453,502.86,6.37
Haryana,2016,6638.03,7481.41,5016.97,1047.26,246.9,20430.57,112465409,181.6609,459.32,9.38
Haryana,2017,948.24,9548.87,4593.21,766.35,59.95,15916.61,113814994,139.8463,505.22,5.17
Haryana,2018,2079.35,6192.65,3675.9,1343.49,278.95,13570.34,115180774,117.8178,555.65,7.49
Haryana,2019,1166.55,7190.48,2817.34,1953.68,247.13,13375.18,116562944,114.7464,546.36,4.74
Haryana,2020,10327.05,8007.82,1316.56,597.6,238.23,20487.26,117961699,173.6772,225.97,9.51
Haryana,2021,5151.88,916.04,5715.77,753.28,158.42,12695.39,119377239,106.3468,156.69,4.02
Haryana,2022,7692.02,5175.99,4166.96,1589.55,194.34,18818.87,120809766,155.7727,216.03,6.16
Haryana,2023,10880.1,7710.95,3909.76,518.73,91.32,23110.86,122259483,189.0313,745.36,9.11
Haryana,2024,8089.95,8104.82,5373.59,307.91,127.76,22004.04,123726597,177.8441,195.33,5.41
Haryana,2025,10444.19,4755.28,3761.45,365.11,94.37,19420.39,125211316,155.1009,268.73,5.24
Himachal Pradesh,2015,2860.17,3939.51,4173.5,998.57,296.35,12268.1,56666186,216.4977,179.62,8.17
Himachal Pradesh,2016,4911.39,4310.59,5031.66,1387.95,297.39,15938.97,57346180,277.943,171.97,4.62
Himachal Pradesh,2017,8719.63,5804.95,1940.9,168.04,26.61,16660.14,58034334,287.0738,899.48,5.15
Himachal Pradesh,2018,3948.12,2305.23,2504.32,148.15,156.2,9062.03,58730746,154.2979,114.23,8.8
Himachal Pradesh,2019,2881.17,5423.12,6164.15,1305.25,160.35,15934.04,59435515,268.0896,358.12,6.0
Himachal Pradesh,2020,8066.89,9941.69,4643.02,1119.99,219.46,23991.05,60148741,398.8621,491.95,4.36
Himachal Pradesh,2021,6791.33,9578.37,1251.86,1383.11,61.08,19065.75,60870526,313.2182,559.04,4.58
Himachal Pradesh,2022,5459.41,7573.83,2452.57,1333.17,238.84,17057.83,61600972,276.9084,930.82,5.41
Himachal Pradesh,2023,4851.86,1566.54,6947.61,1854.73,162.45,15383.19,62340184,246.762,849.93,7.13
Himachal Pradesh,2024,7520.67,936.79,5294.23,264.15,247.99,14263.84,63088266,226.0933,792.93,8.25
Himachal Pradesh,2025,530.31,3066.13,1863.89,726.67,27.21,6214.21,63845325,97.3322,940.11,7.32
Jharkhand,2015,9920.9,2833.05,6598.44,1747.94,49.37,21149.7,105257354,200.9332,796.96,7.45
Jharkhand,2016,6842.25,3940.88,3523.04,800.39,162.38,15268.92,106520442,143.3427,646.55,8.05
Jharkhand,2017,6436.53,7228.15,1014.71,431.85,245.8,15357.03,107798687,142.4603,356.4,4.14
Jharkhand,2018,1930.11,2274.96,6702.54,1150.35,279.89,12337.86,109092271,113.0956,596.41,6.88
Jharkhand,2019,3833.36,6083.39,1000.21,1797.54,248.97,12963.47,110401379,117.4213,351.65,9.72
Jharkhand,2020,9919.89,6679.75,878.68,961.69,152.33,18592.34,111726195,166.4098,270.92,4.48
Jharkhand,2021,9343.01,1264.25,4172.21,1873.53,262.96,16915.96,113066909,149.6101,313.86,9.11
Jharkhand,2022,103.96,225.99,4229.8,735.95,116.55,5412.25,114423712,47.3,586.22,5.15
Jharkhand,2023,2619.89,4871.79,5287.15,1242.8,89.91,14111.53,115796797,121.8646,458.82,5.02
Jharkhand,2024,988.09,7837.83,1879.75,363.76,207.79,11277.22,117186359,96.2332,637.15,7.8
Jharkhand,2025,2823.85,2364.82,1568.99,355.77,197.06,7310.49,118592595,61.6438,855.62,8.35
Karnataka,2015,10650.59,4525.36,1386.52,741.84,124.82,17429.13,47573028,366.3658,836.16,8.4
Karnataka,2016,9254.73,159.76,2930.59,967.87,6.74,13319.7,48143904,276.6642,296.82,8.56
Karnataka,2017,1731.61,5376.34,1529.96,34.12,73.12,8745.14,48721631,179.4919,977.08,8.81
Karnataka,2018,11518.96,4904.15,794.86,1100.44,136.86,18455.27,49306290,374.2985,852.14,4.59
Karnataka,2019,5910.07,1542.98,2292.99,1477.34,143.33,11366.71,49897966,227.7992,407.09,6.37
Karnataka,2020,5567.42,7860.91,6247.83,1911.12,236.28,21823.56,50496741,432.1776,349.64,8.13
Karnataka,2021,5307.48,2583.97,5890.87,86.47,270.63,14139.42,51102702,276.6863,488.4,7.82
Karnataka,2022,7946.31,8956.42,4467.59,1231.73,20.93,22622.98,51715935,437.4469,542.49,4.9
Karnataka,2023,8875.46,5146.61,4771.19,92.93,26.35,18912.54,52336526,361.3641,730.51,4.43
Karnataka,2024,947.96,170.48,6696.81,1477.64,106.62,9399.51,52964564,177.468,331.71,6.1
Karnataka,2025,9318.38,6630.64,1320.81,356.48,30.42,17656.73,53600139,329.4157,677.29,8.59
Kerala,2015,5149.13,872.05,3617.16,1798.81,234.96,11672.12,65623935,177.8637,266.45,9.86
Kerala,2016,8041.47,153.76,1810.23,528.82,21.71,10555.98,66411422,158.9483,961.84,6.87
Kerala,2017,10760.19,3256.04,902.88,953.93,35.07,15908.12,67208359,236.6985,511.71,9.52
Kerala,2018,6297.14,6184.17,1121.77,97.03,34.13,13734.25,68014859,201.9301,618.6,4.57
Kerala,2019,4574.32,5523.41,2738.91,335.73,82.86,13255.23,68831037,192.5764,931.9,8.06
Kerala,2020,6002.97,176.51,6947.14,1346.2,95.76,14568.57,69657010,209.1473,885.31,5.55
Kerala,2021,6573.8,6378.9,1570.81,1957.01,224.71,16705.23,70492894,236.9775,579.92,5.08
Kerala,2022,740.91,3234.6,5279.72,545.97,162.33,9963.52,71338809,139.6648,741.55,4.65
Kerala,2023,8255.05,964.12,6756.95,981.9,46.05,17004.07,72194874,235.5302,375.26,6.48
Kerala,2024,9122.4,7447.07,4295.23,220.8,46.32,21131.81,73061213,289.2344,139.07,7.46
Kerala,2025,10537.95,4366.32,1151.11,1120.5,243.71,17419.59,73937947,235.5975,754.63,9.29
Madhya Pradesh,2015,2408.05,8804.17,4613.2,628.75,222.96,16677.13,24313511,685.9203,824.36,7.69
Madhya Pradesh,2016,8285.82,3783.84,3784.71,1053.08,254.57,17162.01,24605273,697.4931,847.97,9.0
Madhya Pradesh,2017,231.28,7507.98,5317.97,1359.97,227.12,14644.33,24900536,588.1129,849.87,6.82
Madhya Pradesh,2018,6074.4,1290.9,2716.07,1290.3,234.34,11606.01,25199342,460.5679,256.35,4.83
Madhya Pradesh,2019,7990.2,68.7,1273.26,67.85,50.9,9450.91,25501734,370.5988,222.25,6.33
Madhya Pradesh,2020,4887.69,8748.91,3585.46,1449.58,32.14,18703.78,25807755,724.7349,264.17,8.22
Madhya Pradesh,2021,728.37,4891.65,4207.6,1208.27,7.86,11043.74,26117448,422.8492,356.0,7.82
Madhya Pradesh,2022,1873.1,6969.39,5229.1,1964.12,63.74,16099.44,26430858,609.1154,833.87,7.12
Madhya Pradesh,2023,4544.2,1267.65,5156.47,479.36,112.06,11559.74,26748028,432.1717,109.42,8.81
Madhya Pradesh,2024,9222.4,7349.48,2117.12,355.23,191.63,19235.86,27069004,710.623,521.36,5.07
Madhya Pradesh,2025,8262.34,9911.71,5238.12,1482.57,285.14,25179.89,27393832,919.181,242.79,7.39
Maharashtra,2015,4080.68,310.66,198.62,1665.08,82.65,6337.68,47801033,132.5847,542.17,5.79
Maharashtra,2016,11294.08,2630.0,3024.71,1746.73,252.74,18948.27,48374645,391.6983,226.8,8.82
Maharashtra,2017,5552.42,4855.54,960.36,170.4,218.65,11757.37,48955141,240.1662,521.64,6.62
Maharashtra,2018,8781.15,7666.85,1137.59,1224.35,41.47,18851.41,49542602,380.5091,763.81,7.94
Maharashtra,2019,11483.71,736.13,427.67,571.55,79.25,13298.32,50137114,265.239,284.63,9.44
Maharashtra,2020,3069.6,2755.9,5323.01,904.98,233.24,12286.72,50738759,242.1566,112.1,6.93
Maharashtra,2021,500.0,673.4,6347.87,287.1,160.19,7968.56,51347624,155.1885,440.54,6.08
Maharashtra,2022,10808.02,267.14,4656.61,1927.15,168.49,17827.42,51963796,343.0738,939.98,4.31
Maharashtra,2023,5083.64,2638.57,5123.82,1962.78,77.7,14886.52,52587361,283.0816,671.47,5.19
Maharashtra,2024,6827.43,4666.13,6804.88,1220.97,105.5,19624.91,53218409,368.7616,158.39,4.91
Maharashtra,2025,2781.27,2547.12,5958.79,1126.83,157.49,12571.51,53857030,233.4238,159.03,9.16
Manipur,2015,6556.3,7927.41,3855.41,1229.67,68.62,19637.4,18456057,1064.0087,854.57,6.57
Manipur,2016,1777.42,6658.67,1536.15,204.15,258.73,10435.12,18677529,558.6993,487.15,8.5
Manipur,2017,3557.99,7880.35,810.19,718.39,293.44,13260.37,18901660,701.545,804.29,6.98
Manipur,2018,4143.35,8727.75,3827.59,1519.27,226.48,18444.43,19128479,964.2395,67.05,4.76
Manipur,2019,7949.59,1658.12,1810.79,1893.81,168.49,13480.8,19358021,696.3935,763.19,7.35
Manipur,2020,6674.91,986.81,2425.33,572.04,117.83,10776.92,19590317,550.1147,808.43,6.23
Manipur,2021,5475.19,4003.94,681.05,887.73,59.49,11107.41,19825401,560.2616,227.39,4.56
Manipur,2022,4344.38,7586.94,1956.8,631.57,193.16,14712.86,20063306,733.3219,236.05,9.38
Manipur,2023,6290.27,4503.65,3918.01,340.41,184.43,15236.76,20304066,750.429,394.95,9.38
Manipur,2024,2109.37,5095.16,4198.85,76.43,109.74,11589.55,20547715,564.0309,746.0,8.92
Manipur,2025,3826.63,7996.0,6775.26,1715.18,36.18,20349.24,20794287,978.5978,752.74,5.92
Meghalaya,2015,5071.36,9841.9,4685.4,1273.0,50.62,20922.27,85464768,244.8058,887.83,6.56
Meghalaya,2016,2030.58,175.44,3931.5,1059.53,216.09,7413.13,86490345,85.7105,895.75,4.48
Meghalaya,2017,8804.81,1914.75,6011.49,1639.94,162.7,18533.68,87528229,211.7452,724.73,5.89
Meghalaya,2018,5706.9,8225.29,3231.08,722.02,148.77,18034.05,88578568,203.5938,836.84,6.01
Meghalaya,2019,2167.76,7134.54,5787.07,210.27,72.72,15372.36,89641510,171.4871,184.87,6.09
Meghalaya,2020,5459.18,7500.82,4568.5,1245.65,106.36,18880.51,90717209,208.1248,849.38,6.83
Meghalaya,2021,11751.35,6359.71,910.07,1355.59,98.21,20474.93,91805815,223.0243,702.01,4.42
Meghalaya,2022,2181.09,8564.59,1613.44,1675.71,84.5,14119.33,92907485,151.972,660.74,8.16
Meghalaya,2023,6200.59,3087.84,1512.13,76.05,91.88,10968.49,94022375,116.6583,670.5,9.63
Meghalaya,2024,10467.33,7672.34,5525.48,1333.32,78.83,25077.3,95150643,263.5537,911.84,8.02
Meghalaya,2025,6769.24,1154.35,3145.98,926.11,259.5,12255.18,96292451,127.2704,569.32,6.28
Mizoram,2015,9648.02,4816.75,155.46,848.67,9.13,15478.02,35575901,435.0704,967.93,4.76
Mizoram,2016,8521.49,9729.12,5787.49,1401.64,252.0,25691.74,36002811,713.6038,982.71,7.73
Mizoram,2017,6754.3,6300.97,3742.75,1273.83,135.5,18207.35,36434845,499.7235,257.52,4.72
Mizoram,2018,913.26,2669.99,351.48,1138.67,85.86,5159.26,36872063,139.9234,833.31,4.45
Mizoram,2019,2793.58,7315.95,4203.69,138.34,263.29,14714.86,37314528,394.3466,883.4,5.98
Mizoram,2020,4150.83,9890.83,4394.45,1067.32,251.61,19755.04,37762302,523.1418,321.03,6.58
Mizoram,2021,3286.54,7902.15,4026.24,1321.06,76.44,16612.44,38215450,434.7048,259.21,6.93
Mizoram,2022,8877.03,5276.14,257.54,1738.42,20.34,16169.47,38674035,418.0962,958.03,4.15
Mizoram,2023,8363.96,867.96,6377.42,934.22,42.12,16585.68,39138124,423.7729,373.77,4.99
Mizoram,2024,2129.92,9483.68,3133.37,1579.72,192.24,16518.93,39607781,417.0627,692.61,4.79
Mizoram,2025,2886.79,7878.17,6796.24,532.72,82.2,18176.12,40083075,453.4613,499.25,9.9
Nagaland,2015,7645.84,755.78,1803.11,730.09,142.28,11077.09,82428039,134.3849,93.37,4.84
Nagaland,2016,3394.09,9716.75,2339.49,969.26,59.63,16479.22,83417175,197.5519,630.24,5.68
Nagaland,2017,2563.21,5189.9,68.38,25.25,66.5,7913.24,84418181,93.7385,84.89,4.65
Nagaland,2018,4132.44,8035.73,4017.18,1030.21,88.75,17304.31,85431199,202.5526,935.17,6.38
Nagaland,2019,1136.4,6189.81,823.45,696.99,152.72,8999.38,86456374,104.0916,880.51,6.96
Nagaland,2020,8456.88,9928.53,946.48,556.72,118.98,20007.58,87493850,228.6741,450.74,6.47
Nagaland,2021,10900.57,7154.62,4267.1,625.65,247.31,23195.26,88543776,261.9638,957.31,8.93
Nagaland,2022,118.62,6382.19,386.41,522.64,18.8,7428.67,89606302,82.9034,623.61,8.12
Nagaland,2023,1462.4,3869.2,3209.97,744.42,37.19,9323.17,90681577,102.8122,448.0,8.51
Nagaland,2024,944.99,847.79,2502.76,1884.03,200.9,6380.48,91769756,69.527,694.74,6.17
Nagaland,2025,7164.56,150.81,4463.59,1827.44,184.16,13790.56,92870993,148.4916,880.01,8.34
Odisha,2015,8917.68,5323.42,5808.25,1982.61,246.18,22278.14,116141274,191.8194,710.14,7.19
Odisha,2016,5441.35,889.7,2813.6,1821.17,242.6,11208.42,117534969,95.3625,255.25,6.8
Odisha,2017,9819.01,720.48,2730.13,1705.16,121.77,15096.54,118945388,126.9199,123.73,7.26
Odisha,2018,10354.74,5923.34,1607.17,774.64,135.59,18795.47,120372733,156.1439,600.3,8.56
Odisha,2019,1276.6,8902.04,115.8,746.4,9.2,11050.04,121817206,90.71,423.33,7.15
Odisha,2020,6189.01,1698.0,4530.81,99.11,228.81,12745.74,123279012,103.3894,949.31,6.04
Odisha,2021,6255.15,3820.16,76.77,777.89,237.72,11167.69,124758361,89.5146,616.19,4.61
Odisha,2022,10180.96,5334.3,5896.81,1164.64,168.35,22745.06,126255461,180.1511,150.0,5.0
Odisha,2023,11667.1,2323.44,6842.84,1068.51,41.6,21943.49,127770526,171.7414,144.34,5.25
Odisha,2024,11115.08,4170.79,2786.18,633.28,44.97,18750.31,129303773,145.0097,513.46,4.78
Odisha,2025,10042.21,3735.45,2642.38,953.27,133.79,17507.11,130855418,133.7897,995.12,7.27
Punjab,2015,3532.02,9613.3,2744.69,777.17,102.78,16769.96,111387996,150.5544,564.34,4.92
Punjab,2016,6689.17,5439.96,5340.46,1668.96,132.69,19271.24,112724651,170.9585,337.22,5.56
Punjab,2017,2416.02,623.59,2416.86,547.79,289.96,6294.23,114077347,55.1751,579.82,6.08
Punjab,2018,7007.56,1435.01,3124.98,1256.21,147.18,12970.94,115446275,112.3548,431.69,9.96
Punjab,2019,10575.75,6252.89,3998.56,1245.11,61.19,22133.5,116831631,189.4479,425.38,4.24
Punjab,2020,5759.0,5453.09,1617.42,1928.42,272.93,15030.85,118233610,127.1284,736.04,7.2
Punjab,2021,10452.63,1349.99,5539.85,258.39,238.47,17839.34,119652414,149.093,311.98,9.26
Punjab,2022,11334.1,1530.52,3254.85,1962.16,145.54,18227.17,121088243,150.528,870.37,7.53
Punjab,2023,4566.43,2893.55,1446.46,1525.98,116.58,10548.99,122541302,86.0852,535.71,6.95
Punjab,2024,6969.62,8662.49,6865.75,821.09,248.43,23567.39,124011797,190.0415,776.3,7.44
Punjab,2025,11476.96,2044.72,791.57,1709.38,132.31,16154.94,125499939,128.7247,854.62,9.36
Rajasthan,2015,3146.97,356.36,6801.59,449.28,220.47,10974.67,37355877,293.787,774.47,9.58
Rajasthan,2016,463.54,8726.88,3704.77,1268.76,193.7,14357.65,37804147,379.7902,828.81,6.0
Rajasthan,2017,8823.31,5309.35,5559.96,1981.19,60.99,21734.8,38257797,568.1142,994.92,4.54
Rajasthan,2018,127.58,489.41,2412.22,1269.48,21.64,4320.34,38716890,111.5879,55.38,9.62
Rajasthan,2019,9880.93,8101.37,6194.44,1403.07,32.22,25612.02,39181493,653.6765,429.15,8.34
Rajasthan,2020,3435.98,6889.69,200.75,619.21,165.19,11310.83,39651671,285.2548,650.49,7.46
Rajasthan,2021,8403.3,110.58,733.56,1739.2,204.84,11191.48,40127491,278.8982,157.29,9.05
Rajasthan,2022,2982.55,4808.69,1042.02,1423.12,200.39,10456.77,40609021,257.4986,250.56,9.18
Rajasthan,2023,4875.54,2960.53,1091.74,539.67,7.59,9475.06,41096329,230.5574,604.09,9.05
Rajasthan,2024,6632.87,2231.78,264.67,437.11,125.42,9691.85,41589485,233.036,771.63,5.13
Rajasthan,2025,8665.52,8675.99,3194.01,1644.65,166.84,22347.01,42088559,530.9521,655.24,7.16
Sikkim,2015,8596.04,8234.22,5633.59,1109.48,156.53,23729.86,111263473,213.2762,185.73,8.65
Sikkim,2016,3329.77,4992.12,2011.39,276.32,189.24,10798.84,112598634,95.9056,101.62,8.49
Sikkim,2017,3879.28,51.34,3592.57,103.24,83.57,7710.0,113949818,67.6614,721.63,4.38
Sikkim,2018,10088.13,88.01,1750.36,1484.4,95.56,13506.46,115317216,117.1244,146.8,6.16
Sikkim,2019,3317.68,8434.98,2214.03,1579.98,267.67,15814.34,116701022,135.5116,462.13,9.46
Sikkim,2020,4590.08,9642.58,652.35,1377.17,148.65,16410.83,118101434,138.9554,418.27,7.8
Sikkim,2021,8475.9,93.41,1193.66,1428.96,200.25,11392.19,119518652,95.3172,967.75,8.57
Sikkim,2022,11414.2,7040.28,2107.42,219.68,234.77,21016.34,120952876,173.7564,661.94,4.29
Sikkim,2023,4384.6,9570.16,3517.8,871.13,137.85,18481.54,122404310,150.9876,248.44,6.21
Sikkim,2024,4500.78,570.93,5379.95,838.84,246.83,11537.33,123873162,93.1383,857.83,5.27
Sikkim,2025,7922.51,4749.2,6164.69,439.32,203.67,19479.39,125359640,155.3881,627.36,5.77
Tamil Nadu,2015,11176.61,1300.96,5167.56,1949.44,16.61,19611.17,50825495,385.853,698.08,6.81
Tamil Nadu,2016,6992.19,899.15,329.76,1337.06,247.17,9805.32,51435400,190.6338,792.91,7.26
Tamil Nadu,2017,1288.42,6896.04,1715.97,1823.03,251.64,11975.09,52052625,230.0574,723.91,9.69
Tamil Nadu,2018,473.92,7375.19,2331.79,1813.07,80.74,12074.71,52677257,229.2206,738.61,9.27
Tamil Nadu,2019,595.72,4006.59,5343.29,915.29,80.91,10941.8,53309384,205.2509,258.82,4.79
Tamil Nadu,2020,10299.84,5774.79,562.4,771.33,110.95,17519.32,53949096,324.7379,222.65,6.61
Tamil Nadu,2021,4051.98,3450.95,5181.02,454.29,192.92,13331.15,54596486,244.1761,592.12,7.41
Tamil Nadu,2022,7989.79,5506.4,6158.41,1354.4,164.54,21173.54,55251643,383.2202,838.27,7.64
Tamil Nadu,2023,3564.62,2110.59,1091.72,1799.92,213.33,8780.18,55914663,157.0283,940.51,7.62
Tamil Nadu,2024,5733.47,644.18,4711.35,1168.6,297.07,12554.66,56585639,221.8701,277.2,7.18
Tamil Nadu,2025,7846.39,6463.68,3942.22,1556.09,62.29,19870.67,57264667,346.997,739.35,7.72
Telangana,2015,7506.72,7824.15,4060.74,302.46,243.53,19937.6,91516920,217.8569,654.16,6.33
Telangana,2016,8122.15,2636.05,2435.99,1835.8,87.86,15117.85,92615123,163.2331,496.49,9.34
Telangana,2017,8521.88,668.92,1056.7,25.6,189.65,10462.76,93726504,111.6307,475.29,4.81
Telangana,2018,11499.42,5320.11,1716.0,1006.2,204.21,19745.93,94851222,208.178,122.43,5.65
Telangana,2019,9702.89,4623.67,3839.64,871.3,14.13,19051.63,95989437,198.4763,207.46,6.67
Telangana,2020,2589.31,547.29,5910.24,1962.57,238.15,11247.56,97141310,115.7855,861.1,5.45
Telangana,2021,11531.46,2009.41,6661.47,1989.69,213.81,22405.83,98307006,227.917,982.09,7.42
Telangana,2022,3188.55,4398.11,4167.12,155.43,187.08,12096.29,99486690,121.587,982.12,5.14
Telangana,2023,9531.88,9083.59,6607.6,1920.67,156.92,27300.66,100680530,271.1613,978.44,8.54
Telangana,2024,2023.89,4795.16,5036.77,502.21,192.54,12550.57,101888696,123.1792,683.27,4.98
Telangana,2025,6824.52,7727.69,3507.3,34.09,3.7,18097.29,103111361,175.5121,389.18,9.56
Tripura,2015,9676.56,508.26,5662.31,364.0,154.89,16366.03,43635177,375.065,817.86,5.52
Tripura,2016,3025.11,4057.51,6265.66,10.88,270.51,13629.67,44158799,308.6513,196.12,9.94
Tripura,2017,11462.68,4972.02,3603.66,968.28,191.0,21197.64,44688704,474.34,136.19,4.2
Tripura,2018,786.66,4471.44,1950.57,1247.86,297.74,8754.27,45224969,193.5716,417.01,7.44
Tripura,2019,5045.69,8480.35,6318.59,1755.94,292.34,21892.9,45767668,478.3486,76.14,9.04
Tripura,2020,9046.09,2325.51,6695.55,304.87,204.19,18576.21,46316880,401.0678,263.65,6.59
Tripura,2021,8658.0,5655.08,3009.69,659.41,252.06,18234.24,46872683,389.0164,186.62,6.58
Tripura,2022,10854.72,8466.2,2824.56,1528.59,247.13,23921.19,47435155,504.2925,894.44,7.27
Tripura,2023,2533.08,2590.33,2090.99,1191.67,10.81,8416.88,48004377,175.3357,654.24,6.19
Tripura,2024,3613.38,8800.99,3236.22,199.16,248.2,16097.94,48580429,331.3667,95.26,8.36
Tripura,2025,9309.48,3558.4,5778.77,1036.16,139.52,19822.34,49163395,403.193,93.13,5.74
Uttar Pradesh,2015,547.1,1322.27,5365.86,10.02,125.55,7370.81,107343276,68.6658,546.38,4.33
Uttar Pradesh,2016,11679.63,2299.95,2150.27,614.85,69.89,16814.58,108631395,154.7857,51.4,8.38
Uttar Pradesh,2017,11605.46,2281.72,4651.44,1486.37,254.68,20279.67,109934972,184.4697,451.5,5.82
Uttar Pradesh,2018,3971.01,7140.58,5722.95,371.41,111.91,17317.87,111254191,155.6604,906.84,8.84
Uttar Pradesh,2019,11819.81,7554.77,2770.57,1185.37,198.64,23529.17,112589242,208.9824,124.53,7.27
Uttar Pradesh,2020,8540.92,1714.85,5471.0,1171.71,285.71,17184.19,113940312,150.8175,90.3,5.59
Uttar Pradesh,2021,7258.49,3000.77,5009.54,1520.42,31.65,16820.87,115307596,145.8783,538.16,7.05
Uttar Pradesh,2022,4494.44,9332.6,5797.72,1397.45,214.58,21236.79,116691287,181.9912,488.63,9.53
Uttar Pradesh,2023,8365.69,7303.36,6035.99,555.4,242.31,22502.75,118091583,190.5534,235.48,6.07
Uttar Pradesh,2024,4093.76,9786.33,6000.06,1405.33,218.39,21503.88,119508682,179.9357,583.97,9.68
Uttar Pradesh,2025,6005.48,3836.15,1166.36,1574.55,220.6,12803.13,120942786,105.8611,415.14,4.15
Uttarakhand,2015,1580.16,7985.6,4322.91,1688.12,30.16,15606.94,114805171,135.9428,581.03,7.01
Uttarakhand,2016,8503.7,5366.19,3798.92,864.9,93.34,18627.05,116182833,160.3253,508.15,4.71
Uttarakhand,2017,11542.01,7158.39,6668.7,461.19,263.92,26094.2,117577027,221.9328,818.35,8.06
Uttarakhand,2018,7537.85,3199.67,5720.38,1008.02,22.2,17488.11,118987951,146.9738,347.22,9.61
Uttarakhand,2019,10223.1,9819.96,4407.11,502.55,49.68,25002.4,120415806,207.6339,227.57,4.12
Uttarakhand,2020,4749.12,1954.71,2899.24,1870.64,129.73,11603.43,121860796,95.2187,884.09,7.63
Uttarakhand,2021,3040.87,3590.75,614.92,673.59,203.58,8123.71,123323126,65.8734,118.51,5.23
Uttarakhand,2022,4639.15,9821.39,5500.49,1469.64,35.74,21466.41,124803003,172.0023,791.95,8.71
Uttarakhand,2023,7253.12,9904.1,2297.02,1883.13,274.5,21611.88,126300639,171.1146,60.91,6.7
Uttarakhand,2024,11727.54,1076.06,3848.06,1958.13,167.09,18776.88,127816247,146.9052,230.32,7.49
Uttarakhand,2025,2532.84,5221.06,546.07,1214.91,155.52,9670.41,129350042,74.7615,753.15,7.78
West Bengal,2015,7915.4,9686.95,4237.35,163.19,23.6,22026.48,79839575,275.8843,953.85,5.78
West Bengal,2016,1195.6,6010.49,4376.83,1300.52,80.95,12964.4,80797649,160.4552,64.36,9.79
West Bengal,2017,3085.63,6776.46,4955.21,1223.91,94.56,16135.77,81767221,197.3379,307.54,7.59
West Bengal,2018,10406.54,9470.0,768.16,318.11,283.48,21246.29,82748428,256.7576,749.71,9.3
West Bengal,2019,2511.33,5896.48,4916.94,1363.42,123.04,14811.21,83741409,176.8684,64.63,7.5
West Bengal,2020,3111.91,4530.03,6704.34,804.08,252.1,15402.46,84746306,181.7478,229.11,8.03
West Bengal,2021,11726.38,1063.84,87.99,872.83,28.7,13779.73,85763262,160.6718,760.97,9.49
West Bengal,2022,5264.85,2624.18,3057.79,1449.66,3.71,12400.19,86792421,142.8718,609.98,7.68
West Bengal,2023,7688.49,2458.12,5006.95,191.87,60.58,15406.01,87833930,175.3993,883.6,8.43
West Bengal,2024,263.57,2521.34,1524.41,548.9,75.02,4933.25,88887937,55.4997,109.4,6.75
West Bengal,2025,8819.53,6086.98,4719.92,171.49,285.5,20083.41,89954592,223.2616,846.57,8.83
Delhi,2015,5972.66,2868.88,5513.78,800.92,154.57,15310.82,46027602,332.6443,290.69,9.93
Delhi,2016,3568.8,7718.89,3009.64,420.37,240.12,14957.82,46579933,321.1216,366.93,9.19
Delhi,2017,10991.56,8605.25,274.01,1576.87,123.99,21571.68,47138892,457.6195,880.04,7.83
Delhi,2018,10020.35,5019.35,3759.13,297.33,235.41,19331.57,47704559,405.2353,448.42,7.0
Delhi,2019,9442.66,6008.51,1431.66,1184.56,122.88,18190.28,48277013,376.7896,496.05,4.17
Delhi,2020,2599.35,2846.33,4999.33,32.87,123.22,10601.1,48856338,216.9852,927.83,4.67
Delhi,2021,6245.45,7875.9,6599.44,1496.09,216.45,22433.33,49442614,453.7245,835.16,6.68
Delhi,2022,9689.55,129.25,6474.19,892.18,166.46,17351.63,50035925,346.7834,292.14,8.46
Delhi,2023,1011.97,8732.73,5801.97,439.96,242.99,16229.61,50636356,320.5131,797.04,7.79
Delhi,2024,4544.89,2751.41,1645.53,644.03,271.16,9857.03,51243992,192.3548,123.76,8.97
Delhi,2025,4251.79,5239.91,5567.56,1769.91,104.09,16933.27,51858920,326.5257,488.75,6.49
Jammu and Kashmir,2015,7365.51,1645.64,4725.31,366.71,208.49,14311.66,57912766,247.1244,268.12,4.71
Jammu and Kashmir,2016,2066.89,69.82,5039.62,1467.48,154.97,8798.77,58607719,150.1298,203.29,4.5
Jammu and Kashmir,2017,327.63,1699.19,6239.26,490.66,106.93,8863.68,59311011,149.444,150.08,5.33
Jammu and Kashmir,2018,6278.77,6097.14,1740.11,124.89,117.92,14358.82,60022743,239.223,272.49,5.32
Jammu and Kashmir,2019,11522.37,6182.19,3911.44,837.39,129.25,22582.65,60743016,371.7736,563.86,8.18
Jammu and Kashmir,2020,8455.54,1758.35,3515.79,829.8,261.29,14820.76,61471933,241.098,649.85,7.2
Jammu and Kashmir,2021,1473.2,6076.1,846.91,681.04,43.71,9120.96,62209596,146.6165,707.47,5.24
Jammu and Kashmir,2022,4763.13,8961.96,1454.09,1020.53,126.36,16326.07,62956111,259.3246,67.22,8.76
Jammu and Kashmir,2023,921.65,4768.84,3937.93,1260.57,206.9,11095.88,63711584,174.158,290.61,4.06
Jammu and Kashmir,2024,8708.98,5379.78,5857.74,1644.56,253.15,21844.22,64476123,338.7955,510.84,6.0
Jammu and Kashmir,2025,9519.54,4540.38,1308.59,1711.4,264.89,17344.79,65249837,265.8213,492.99,4.45
